;input2D3;input4D;input8D;input16D;input32D;input64D
1;1.3396234100000002;1.77313746;2.59629655;4.42548351;8.62215371;16.55590152
2;1.89688934;2.00858346;2.28183296;3.5094115699999997;6.45315096;12.33545287
4;2.39001141;2.61245525;3.11697023;4.05035856;5.8598772199999996;10.6712249
8;2.4401568;2.7217680300000002;3.1745101499999997;4.067688120000001;5.34251521;9.522046066666666
16;2.40159773;2.48528177;3.1724955699999997;4.230813299999999;4.83846926;9.60903505
32;2.0644433799999997;2.22770219;2.5285279700000003;3.23449343;3.66949069;5.98955963
