Cartella,Media Computation
input100D_500_100_0.01_0.001,5.3946665199999995
input20D_100_100_0.01_0.001,0.7655185299999999
input10D_50_100_0.01_0.001,0.0077838099999999995
input2D_10_100_0.01_0.001,0.01299288
