;input2D3;input4D;input8D;input16D;input32D;input64D
1;0.85354423;0.7833631400000001;1.2678040400000001;2.37862156;5.04181029;11.821198939999999
2;0.50230344;0.49731513;0.75702708;1.31680691;2.6172751599999997;6.03177294
4;0.33219920999999997;0.31559208;0.51980686;0.90802834;1.59454243;3.1623300999999997
8;0.27632999999999996;0.27571095;0.40423184;0.77357213;1.34304824;2.01737861
16;0.24800281999999998;0.25897981000000003;0.3872737;0.61847325;1.05741236;1.6870240799999998
32;0.27651235;0.25049984999999997;0.2074895;0.47116591999999996;0.7406113000000001;1.0704679333333333
