;input2D3;input4D;input8D;input16D;input32D;input64D
1;0.24331353;0.3683439;1.0661597;1.68563557;3.86453543;7.953882129999999
2;0.13601689;0.21070834000000002;0.58495225;0.88350019;1.9778653499999999;4.0266184
4;0.08596423;0.13050441;0.37442552999999995;0.49021917000000004;1.03312195;2.05615135
8;0.07478886;0.10665957000000001;0.28105645;0.39290544;0.64290706;1.09666212
16;0.061513280000000004;0.09630759;0.21704263000000001;0.28239815;0.45863292;0.60424871
32;0.0563422;0.08006432000000001;0.18239926;0.20586780000000002;0.32704971;0.41520781
